No.,channel,selfkoc_account,selfkoc_post_url,Likes,Comments,shares,Views,selfkoc_post_date,,selfkoc_video_id
1,tiktok,@bonoh2306017,https://www.tiktok.com/@bonoh2306017/video/7476893358581927211,3081,11,106,"650,100",2025/3/2,,7476893358581927211
2,tiktok,@orozcde,https://www.tiktok.com/@orozcde/video/7479456645479746862,1633,9,77,"548,300",2025/3/8,,7479456645479746862
3,tiktok,@bonoh2306017,https://www.tiktok.com/@bonoh2306017/video/7477243627970891054,321,8,18,"153,700",2025/3/3,,7477243627970891054
4,tiktok,@bonoh2306017,https://www.tiktok.com/@bonoh2306017/video/7478320763699760430,382,3,34,"123,700",2025/3/5,,7478320763699760430
5,tiktok,@bonoh230601,https://www.tiktok.com/@bonoh230601/video/7475395152287272238,186,2,5,"39,000",2025/2/26,,7475395152287272238
6,tiktok,@orozcde,https://www.tiktok.com/@orozcde/video/7492442854057561390,32,1,7,"9,359",2025/4/12,,7492442854057561390
7,tiktok,@myintgots,https://www.tiktok.com/@myintgots/video/7476428371224808747,76,3,9,"7,693",2025/2/28,,7476428371224808747
8,tiktok,@bonoh2306017,https://www.tiktok.com/@bonoh2306017/video/7489443207189826862,110,0,14,"6,661",2025/4/5,,7489443207189826862
9,tiktok,@bonoh230601,https://www.tiktok.com/@bonoh230601/video/7492475194372820270,62,1,3,"5,292",2025/4/13,,7492475194372820270
10,tiktok,@bigtedd69,https://www.tiktok.com/@bigtedd69/video/7475718171127745838,68,3,9,"5,127",2025/4/13,,7475718171127745838
11,tiktok,@bigtedd69,https://www.tiktok.com/@bigtedd69/video/7479313143458598190,32,0,2,"4,605",2025/3/8,,7479313143458598190
12,tiktok,@bigtedd69,https://www.tiktok.com/@bigtedd69/video/7476282628514057514,39,0,1,"4,562",2025/2/28,,7476282628514057514
13,tiktok,@bonoh2306017,https://www.tiktok.com/@bonoh2306017/video/7479866622774086955,45,1,3,"4,541",2025/3/10,,7479866622774086955
14,tiktok,@bigtedd69,https://www.tiktok.com/@bigtedd69/video/7478883366922751275,50,0,5,"4,312",2025/3/7,,7478883366922751275
15,tiktok,@myintgots,https://www.tiktok.com/@myintgots/video/7474936380376812842,4,1,1,"4,192",2025/2/24,,7474936380376812842
16,tiktok,@mariabjdzjo,https://www.tiktok.com/@mariabjdzjo/video/7472023494839078190,57,0,3,"3,997",2025/2/16,,7472023494839078190
17,tiktok,@bonoh2306017,https://www.tiktok.com/@bonoh2306017/video/7476114101635222830,0,0,1,"3,973",2025/2/27,,7476114101635222830
18,tiktok,@bonoh230601,https://www.tiktok.com/@bonoh230601/video/7475182941354609966,0,0,0,"3,968",2025/2/25,,7475182941354609966
19,tiktok,@bonoh230601,https://www.tiktok.com/@bonoh230601/video/7464770607536753966,10,1,0,"3,733",2025/2/25,,7464770607536753966
20,tiktok,@bigtedd69,https://www.tiktok.com/@bigtedd69/video/7478697495132998955,13,1,2,"3,714",2025/3/6,,7478697495132998955
21,tiktok,@bonoh230601,https://www.tiktok.com/@bonoh230601/video/7480945336572235050,18,0,0,"3,694",2025/3/12,,7480945336572235050
22,tiktok,@bonoh2306017,https://www.tiktok.com/@bonoh2306017/video/7482260874057534763,2,0,0,"3,551",2025/3/16,,7482260874057534763
23,tiktok,@bonoh2306017,https://www.tiktok.com/@bonoh2306017/video/7480135567905180971,3,0,1,"3,535",2025/3/10,,7480135567905180971
24,tiktok,@myintgots,https://www.tiktok.com/@myintgots/video/7479313137070542123,49,0,4,"3,493",2025/3/8,,7479313137070542123
25,tiktok,@bonoh2306017,https://www.tiktok.com/@bonoh2306017/video/7476415573421739307,1,0,0,"3,403",2025/2/28,,7476415573421739307
26,tiktok,@bonoh230601,https://www.tiktok.com/@bonoh230601/video/7486532094332505390,13,0,0,"3,389",2025/3/28,,7486532094332505390
27,tiktok,@bonoh230601,https://www.tiktok.com/@bonoh230601/video/7476113692753513774,6,0,1,"3,324",2025/2/27,,7476113692753513774
28,tiktok,@bonoh2306017,https://www.tiktok.com/@bonoh2306017/video/7483550343373114667,5,0,0,"3,285",2025/3/19,,7483550343373114667
29,tiktok,@bonoh2306017,https://www.tiktok.com/@bonoh2306017/video/7473549877809810734,2,0,1,"3,211",2025/3/19,,7473549877809810734
30,tiktok,@mariabjdzjo,https://www.tiktok.com/@mariabjdzjo/video/7482726501469785387,5,1,0,"3,202",2025/3/17,,7482726501469785387
31,tiktok,@myintgots,https://www.tiktok.com/@myintgots/video/7473881127250332970,12,0,0,"3,182",2025/2/21,,7473881127250332970
32,tiktok,@bonoh230601,https://www.tiktok.com/@bonoh230601/video/7470551251650923822,58,3,3,"3,154",2025/2/12,,7470551251650923822
33,tiktok,@bigtedd69,https://www.tiktok.com/@bigtedd69/video/7485397120170626350,4,0,1,"3,052",2025/3/24,,7485397120170626350
34,tiktok,@bonoh2306017,https://www.tiktok.com/@bonoh2306017/video/7481281304378707246,5,0,0,"3,049",2025/3/13,,7481281304378707246
35,tiktok,@bonoh2306017,https://www.tiktok.com/@bonoh2306017/video/7466138811995655470,3,0,0,"2,810",2025/2/1,,7466138811995655470
36,tiktok,@bonoh230601,https://www.tiktok.com/@bonoh230601/video/7467936496952085803,5,0,0,"2,691",2025/2/5,,7467936496952085803
37,tiktok,@myintgots,https://www.tiktok.com/@myintgots/video/7478883517250784555,26,2,1,"2,646",2025/3/7,,7478883517250784555
38,tiktok,@mariabjdzjo,https://www.tiktok.com/@mariabjdzjo/video/7479865833758493994,28,2,4,"2,555",2025/3/10,,7479865833758493994
39,tiktok,@bonoh2306017,https://www.tiktok.com/@bonoh2306017/video/7486532452953984299,4,0,0,"2,539",2025/3/28,,7486532452953984299
40,tiktok,@myintgots,https://www.tiktok.com/@myintgots/video/7475366670962281774,28,0,2,"2,523",2025/2/25,,7475366670962281774
41,tiktok,@bonoh2306017,https://www.tiktok.com/@bonoh2306017/video/7473558011101941038,7,0,0,"2,510",2025/2/21,,7473558011101941038
42,tiktok,@myintgots,https://www.tiktok.com/@myintgots/video/7488377672867859743,24,1,3,"2,467",2025/4/2,,7488377672867859743
43,tiktok,@orozcde,https://www.tiktok.com/@orozcde/video/7480569771701013806,20,0,0,"2,465",2025/3/11,,7480569771701013806
44,tiktok,@bonoh2306017,https://www.tiktok.com/@bonoh2306017/video/7490239802013584686,34,0,1,"2,400",2025/4/7,,7490239802013584686
45,tiktok,@mariabjdzjo,https://www.tiktok.com/@mariabjdzjo/video/7482438018872266030,15,1,1,"2,381",2025/3/17,,7482438018872266030
46,tiktok,@bonoh230601,https://www.tiktok.com/@bonoh230601/video/7478884258673708331,25,0,0,"2,374",2025/3/7,,7478884258673708331
47,tiktok,@myintgots,https://www.tiktok.com/@myintgots/video/7480130966883798314,23,0,2,"2,336",2025/3/10,,7480130966883798314
48,tiktok,@myintgots,https://www.tiktok.com/@myintgots/video/7470164914653367598,4,0,0,"2,301",2025/2/11,,7470164914653367598
49,tiktok,@bonoh230601,https://www.tiktok.com/@bonoh230601/video/7473133972315458862,4,0,0,"2,281",2025/2/19,,7473133972315458862
50,tiktok,@bigtedd69,https://www.tiktok.com/@bigtedd69/video/7491686528670764331,16,0,1,"2,189",2025/4/10,,7491686528670764331
51,tiktok,@orozcde,https://www.tiktok.com/@orozcde/video/7483918152733052202,27,0,0,"2,128",2025/3/20,,7483918152733052202
52,tiktok,@bonoh2306017,https://www.tiktok.com/@bonoh2306017/video/7482601528398794027,2,0,0,"2,099",2025/3/17,,7482601528398794027
53,tiktok,@bigtedd69,https://www.tiktok.com/@bigtedd69/video/7478339628756372778,25,2,0,"2,086",2025/3/5,,7478339628756372778
54,tiktok,@bonoh2306017,https://www.tiktok.com/@bonoh2306017/video/7475740558812630318,2,0,0,"2,078",2025/2/26,,7475740558812630318
55,tiktok,@bigtedd69,https://www.tiktok.com/@bigtedd69/video/7488011434350153006,17,0,1,"2,024",2025/4/1,,7488011434350153006
56,tiktok,@orozcde,https://www.tiktok.com/@orozcde/video/7479313204993215790,22,0,0,"2,019",2025/3/8,,7479313204993215790
57,tiktok,@bigtedd69,https://www.tiktok.com/@bigtedd69/video/7476428305735142702,16,0,0,"1,977",2025/2/28,,7476428305735142702
58,tiktok,@bonoh230601,https://www.tiktok.com/@bonoh230601/video/7472023520130813230,19,0,1,"1,976",2025/2/16,,7472023520130813230
59,tiktok,@mariabjdzjo,https://www.tiktok.com/@mariabjdzjo/video/7483550504207945006,10,1,1,"1,968",2025/3/19,,7483550504207945006
60,tiktok,@myintgots,https://www.tiktok.com/@myintgots/video/7480569826998488366,25,0,3,"1,955",2025/3/11,,7480569826998488366
61,tiktok,@orozcde,https://www.tiktok.com/@orozcde/video/7482726360935353646,8,0,1,"1,917",2025/3/17,,7482726360935353646
62,tiktok,@bigtedd69,https://www.tiktok.com/@bigtedd69/video/7484297211338165546,12,1,1,"1,898",2025/3/22,,7484297211338165546
63,tiktok,@orozcde,https://www.tiktok.com/@orozcde/video/7478883608153820458,23,0,0,"1,887",2025/3/7,,7478883608153820458
64,tiktok,@bonoh2306017,https://www.tiktok.com/@bonoh2306017/video/7473174801335487790,2,0,1,"1,871",2025/2/21,,7473174801335487790
65,tiktok,@bigtedd69,https://www.tiktok.com/@bigtedd69/video/7473099535171063086,44,3,2,"1,869",2025/2/19,,7473099535171063086
66,tiktok,@bigtedd69,https://www.tiktok.com/@bigtedd69/video/7492442953244331307,19,1,2,"1,852",2025/4/12,,7492442953244331307
67,tiktok,@orozcde,https://www.tiktok.com/@orozcde/video/7476118657890897198,18,0,0,"1,818",2025/2/27,,7476118657890897198
68,tiktok,@mariabjdzjo,https://www.tiktok.com/@mariabjdzjo/video/7476415518375824686,15,0,0,"1,793",2025/2/28,,7476415518375824686
69,tiktok,@myintgots,https://www.tiktok.com/@myintgots/video/7482038950580833578,21,0,5,"1,774",2025/3/15,,7482038950580833578
70,tiktok,@bigtedd69,https://www.tiktok.com/@bigtedd69/video/7486878156968922414,14,0,0,"1,765",2025/3/28,,7486878156968922414
71,tiktok,@bonoh230601,https://www.tiktok.com/@bonoh230601/video/7483189730058849578,17,0,0,"1,763",2025/3/19,,7483189730058849578
72,tiktok,@bonoh2306017,https://www.tiktok.com/@bonoh2306017/video/7489433290252864814,10,2,1,"1,750",2025/4/5,,7489433290252864814
73,tiktok,@mariabjdzjo,https://www.tiktok.com/@mariabjdzjo/video/7491368053536541998,43,0,0,"1,746",2025/4/10,,7491368053536541998
74,tiktok,@myintgots,https://www.tiktok.com/@myintgots/video/7467583782330289454,38,0,0,"1,736",2025/2/4,,7467583782330289454
75,tiktok,@bonoh230601,https://www.tiktok.com/@bonoh230601/video/7489443230375808302,44,0,2,"1,726",2025/4/5,,7489443230375808302
76,tiktok,@myintgots,https://www.tiktok.com/@myintgots/video/7491350697242381599,12,0,0,"1,717",2025/4/10,,7491350697242381599
77,tiktok,@bigtedd69,https://www.tiktok.com/@bigtedd69/video/7477962465838615854,24,0,1,"1,703",2025/3/4,,7477962465838615854
78,tiktok,@bonoh2306017,https://www.tiktok.com/@bonoh2306017/video/7488380035435564334,11,0,2,"1,701",2025/4/2,,7488380035435564334
79,tiktok,@bonoh2306017,https://www.tiktok.com/@bonoh2306017/video/7488743041751289134,10,0,1,"1,696",2025/4/3,,7488743041751289134
80,tiktok,@orozcde,https://www.tiktok.com/@orozcde/video/7485397066169126190,28,0,2,"1,691",2025/3/24,,7485397066169126190
81,tiktok,@bonoh230601,https://www.tiktok.com/@bonoh230601/video/7482260979171003690,2,0,0,"1,679",2025/3/16,,7482260979171003690
82,tiktok,@mariabjdzjo,https://www.tiktok.com/@mariabjdzjo/video/7478320758628928810,19,0,3,"1,676",2025/3/5,,7478320758628928810
83,tiktok,@bonoh230601,https://www.tiktok.com/@bonoh230601/video/7469457400551050539,32,1,3,"1,653",2025/2/10,,7469457400551050539
84,tiktok,@myintgots,https://www.tiktok.com/@myintgots/video/7479094665896021291,6,0,0,"1,652",2025/3/7,,7479094665896021291
85,tiktok,@bigtedd69,https://www.tiktok.com/@bigtedd69/video/7476118651041549610,17,0,1,"1,651",2025/2/27,,7476118651041549610
86,tiktok,@orozcde,https://www.tiktok.com/@orozcde/video/7488377633244302634,34,2,0,"1,649",2025/4/2,,7488377633244302634
87,tiktok,@myintgots,https://www.tiktok.com/@myintgots/video/7476282818876804394,16,0,0,"1,643",2025/2/28,,7476282818876804394
88,tiktok,@orozcde,https://www.tiktok.com/@orozcde/video/7478697789174582571,14,0,1,"1,640",2025/3/6,,7478697789174582571
89,tiktok,@bigtedd69,https://www.tiktok.com/@bigtedd69/video/7462753052177747246,24,2,4,"1,618",2025/1/22,,7462753052177747246
90,tiktok,@bonoh2306017,https://www.tiktok.com/@bonoh2306017/video/7492474661205298478,10,0,0,"1,605",2025/4/13,,7492474661205298478
91,tiktok,@bonoh230601,https://www.tiktok.com/@bonoh230601/video/7471678123105422635,27,0,0,"1,592",2025/2/16,,7471678123105422635
92,tiktok,@bonoh2306017,https://www.tiktok.com/@bonoh2306017/video/7472955482328567086,1,0,0,"1,589",2025/2/19,,7472955482328567086
93,tiktok,@bonoh2306017,https://www.tiktok.com/@bonoh2306017/video/7477523321819630890,2,0,0,"1,587",2025/3/3,,7477523321819630890
94,tiktok,@bigtedd69,https://www.tiktok.com/@bigtedd69/video/7488743712831491374,8,0,0,"1,585",2025/4/3,,7488743712831491374
95,tiktok,@bonoh230601,https://www.tiktok.com/@bonoh230601/video/7488386238248996142,20,1,0,"1,573",2025/4/2,,7488386238248996142
96,tiktok,@bigtedd69,https://www.tiktok.com/@bigtedd69/video/7479814729696054574,18,1,2,"1,557",2025/3/9,,7479814729696054574
97,tiktok,@bonoh230601,https://www.tiktok.com/@bonoh230601/video/7490239817691761963,29,0,0,"1,556",2025/4/7,,7490239817691761963
98,tiktok,@bonoh2306017,https://www.tiktok.com/@bonoh2306017/video/7491368039661751598,4,0,1,"1,551",2025/4/10,,7491368039661751598
99,tiktok,@bigtedd69,https://www.tiktok.com/@bigtedd69/video/7488377684095946027,13,0,3,"1,543",2025/4/2,,7488377684095946027
100,tiktok,@bonoh230601,https://www.tiktok.com/@bonoh230601/video/7483934543209106730,16,0,0,"1,531",2025/3/21,,7483934543209106730
101,tiktok,@bonoh230601,https://www.tiktok.com/@bonoh230601/video/7470931889583295790,23,0,0,"1,531",2025/2/13,,7470931889583295790
102,tiktok,@bonoh230601,https://www.tiktok.com/@bonoh230601/video/7477523712535743786,17,1,1,"1,529",2025/3/4,,7477523712535743786
103,tiktok,@mariabjdzjo,https://www.tiktok.com/@mariabjdzjo/video/7485777123018296618,44,3,2,"1,522",2025/3/25,,7485777123018296618
104,tiktok,@bigtedd69,https://www.tiktok.com/@bigtedd69/video/7485032851688262955,15,0,2,"1,518",2025/3/23,,7485032851688262955
105,tiktok,@myintgots,https://www.tiktok.com/@myintgots/video/7482726424193961262,13,0,0,"1,507",2025/3/17,,7482726424193961262
106,tiktok,@bonoh230601,https://www.tiktok.com/@bonoh230601/video/7480541919148313902,19,0,0,"1,507",2025/3/11,,7480541919148313902
107,tiktok,@myintgots,https://www.tiktok.com/@myintgots/video/7491686521330847006,29,1,1,"1,502",2025/4/10,,7491686521330847006
108,tiktok,@orozcde,https://www.tiktok.com/@orozcde/video/7477223654686821678,20,2,1,"1,495",2025/3/2,,7477223654686821678
109,tiktok,@mariabjdzjo,https://www.tiktok.com/@mariabjdzjo/video/7488030683235978539,41,0,1,"1,485",2025/4/1,,7488030683235978539
110,tiktok,@orozcde,https://www.tiktok.com/@orozcde/video/7491350676216253738,9,0,0,"1,460",2025/4/10,,7491350676216253738
111,tiktok,@orozcde,https://www.tiktok.com/@orozcde/video/7489483153963306286,23,1,0,"1,445",2025/4/5,,7489483153963306286
112,tiktok,@mariabjdzjo,https://www.tiktok.com/@mariabjdzjo/video/7483934531708341546,11,0,1,"1,440",2025/3/21,,7483934531708341546
113,tiktok,@orozcde,https://www.tiktok.com/@orozcde/video/7480940677883546922,11,0,0,"1,436",2025/3/12,,7480940677883546922
114,tiktok,@bonoh2306017,https://www.tiktok.com/@bonoh2306017/video/7481274290948640042,1,0,0,"1,427",2025/3/13,,7481274290948640042
115,tiktok,@mariabjdzjo,https://www.tiktok.com/@mariabjdzjo/video/7488748011430939950,25,0,1,"1,421",2025/4/3,,7488748011430939950
116,tiktok,@bonoh230601,https://www.tiktok.com/@bonoh230601/video/7477963157818936622,16,0,0,"1,418",2025/3/4,,7477963157818936622
117,tiktok,@bigtedd69,https://www.tiktok.com/@bigtedd69/video/7491350737759325482,20,0,0,"1,414",2025/4/10,,7491350737759325482
118,tiktok,@bonoh230601,https://www.tiktok.com/@bonoh230601/video/7488030567808797998,12,0,0,"1,411",2025/4/1,,7488030567808797998
119,tiktok,@myintgots,https://www.tiktok.com/@myintgots/video/7480940643985100078,11,0,2,"1,407",2025/3/12,,7480940643985100078
120,tiktok,@bonoh2306017,https://www.tiktok.com/@bonoh2306017/video/7473870810055232810,3,0,1,"1,406",2025/2/21,,7473870810055232810
121,tiktok,@bonoh2306017,https://www.tiktok.com/@bonoh2306017/video/7475394670487424298,4,0,0,"1,397",2025/2/26,,7475394670487424298
122,tiktok,@bigtedd69,https://www.tiktok.com/@bigtedd69/video/7490972762547277098,52,0,5,"1,389",2025/4/9,,7490972762547277098
123,tiktok,@myintgots,https://www.tiktok.com/@myintgots/video/7481629754911722795,20,0,0,"1,385",2025/3/14,,7481629754911722795
124,tiktok,@bonoh2306017,https://www.tiktok.com/@bonoh2306017/video/7488386166899674411,19,0,0,"1,376",2025/4/2,,7488386166899674411
125,tiktok,@mariabjdzjo,https://www.tiktok.com/@mariabjdzjo/video/7476893319369329966,19,0,0,"1,375",2025/3/3,,7476893319369329966
126,tiktok,@bonoh230601,https://www.tiktok.com/@bonoh230601/video/7488380071452052782,35,0,1,"1,374",2025/4/2,,7488380071452052782
127,tiktok,@orozcde,https://www.tiktok.com/@orozcde/video/7484297672648871214,21,1,1,"1,368",2025/3/22,,7484297672648871214
128,tiktok,@mariabjdzjo,https://www.tiktok.com/@mariabjdzjo/video/7478884330773712171,13,0,1,"1,367",2025/3/7,,7478884330773712171
129,tiktok,@bigtedd69,https://www.tiktok.com/@bigtedd69/video/7480130985213005102,8,0,0,"1,360",2025/3/10,,7480130985213005102
130,tiktok,@bonoh230601,https://www.tiktok.com/@bonoh230601/video/7488747965717155115,14,0,0,"1,358",2025/4/3,,7488747965717155115
131,tiktok,@mariabjdzjo,https://www.tiktok.com/@mariabjdzjo/video/7476113745228369195,15,0,1,"1,357",2025/2/27,,7476113745228369195
132,tiktok,@orozcde,https://www.tiktok.com/@orozcde/video/7488014254621117742,31,0,1,"1,346",2025/4/1,,7488014254621117742
133,tiktok,@bigtedd69,https://www.tiktok.com/@bigtedd69/video/7473502013238611242,21,1,0,"1,344",2025/2/20,,7473502013238611242
134,tiktok,@mariabjdzjo,https://www.tiktok.com/@mariabjdzjo/video/7479477086391110958,16,0,0,"1,339",2025/3/9,,7479477086391110958
135,tiktok,@myintgots,https://www.tiktok.com/@myintgots/video/7489483277137382687,25,0,1,"1,334",2025/4/5,,7489483277137382687
136,tiktok,@bonoh2306017,https://www.tiktok.com/@bonoh2306017/video/7480541926505123118,3,0,0,"1,332",2025/3/11,,7480541926505123118
137,tiktok,#VALUE!,https://www.tiktok.com/@orozcde/photo/7469991350247673130,10,0,0,"1,325",2025/2/11,,#VALUE!
138,tiktok,@mariabjdzjo,https://www.tiktok.com/@mariabjdzjo/video/7480945347078950190,13,0,0,"1,324",2025/3/12,,7480945347078950190
139,tiktok,@orozcde,https://www.tiktok.com/@orozcde/video/7479814722808827179,36,0,1,"1,319",2025/3/9,,7479814722808827179
140,tiktok,@mariabjdzjo,https://www.tiktok.com/@mariabjdzjo/video/7482260837814537514,23,0,1,"1,314",2025/3/16,,7482260837814537514
141,tiktok,@orozcde,https://www.tiktok.com/@orozcde/video/7477970400438209835,10,0,0,"1,313",2025/3/4,,7477970400438209835
142,tiktok,@orozcde,https://www.tiktok.com/@orozcde/video/7490223062282030378,31,0,0,"1,308",2025/4/7,,7490223062282030378
143,tiktok,@mariabjdzjo,https://www.tiktok.com/@mariabjdzjo/video/7484874731464838446,7,0,0,"1,308",2025/3/23,,7484874731464838446
144,tiktok,@bonoh2306017,https://www.tiktok.com/@bonoh2306017/video/7482726514568777006,8,3,0,"1,307",2025/3/17,,7482726514568777006
145,tiktok,@myintgots,https://www.tiktok.com/@myintgots/video/7483918131463818538,24,0,2,"1,301",2025/3/20,,7483918131463818538
146,tiktok,@bonoh230601,https://www.tiktok.com/@bonoh230601/video/7484874812565818667,10,0,1,"1,299",2025/3/23,,7484874812565818667
147,tiktok,@myintgots,https://www.tiktok.com/@myintgots/video/7489835866949455134,18,1,1,"1,291",2025/4/6,,7489835866949455134
148,tiktok,@myintgots,https://www.tiktok.com/@myintgots/video/7488383081280294175,25,0,0,"1,286",2025/4/2,,7488383081280294175
149,tiktok,@bigtedd69,https://www.tiktok.com/@bigtedd69/video/7479456644699835694,11,0,1,"1,261",2025/3/8,,7479456644699835694
150,tiktok,@orozcde,https://www.tiktok.com/@orozcde/video/7488739108882484526,19,0,2,"1,255",2025/4/3,,7488739108882484526
151,tiktok,@myintgots,https://www.tiktok.com/@myintgots/video/7488739075302706462,8,0,0,"1,245",2025/4/3,,7488739075302706462
152,tiktok,@mariabjdzjo,https://www.tiktok.com/@mariabjdzjo/video/7480135635429477678,9,0,0,"1,237",2025/3/10,,7480135635429477678
153,tiktok,@bigtedd69,https://www.tiktok.com/@bigtedd69/video/7473178320285273390,30,0,2,"1,232",2025/2/20,,7473178320285273390
154,tiktok,@bonoh230601,https://www.tiktok.com/@bonoh230601/video/7483550239467752750,13,0,1,"1,230",2025/3/19,,7483550239467752750
155,tiktok,@mariabjdzjo,https://www.tiktok.com/@mariabjdzjo/video/7486328343348972831,24,1,1,"1,229",2025/3/27,,7486328343348972831
156,tiktok,@mariabjdzjo,https://www.tiktok.com/@mariabjdzjo/video/7477948607681908011,12,0,0,"1,229",2025/3/4,,7477948607681908011
157,tiktok,@myintgots,https://www.tiktok.com/@myintgots/video/7487599025621929246,42,0,2,"1,228",2025/3/30,,7487599025621929246
158,tiktok,@bigtedd69,https://www.tiktok.com/@bigtedd69/video/7481629543003114798,18,0,2,"1,221",2025/3/14,,7481629543003114798
159,tiktok,@myintgots,https://www.tiktok.com/@myintgots/video/7471289617820585262,20,0,1,"1,216",2025/2/14,,7471289617820585262
160,tiktok,@orozcde,https://www.tiktok.com/@orozcde/video/7490521594821954859,31,0,1,"1,215",2025/4/7,,7490521594821954859
161,tiktok,@myintgots,https://www.tiktok.com/@myintgots/video/7479456648264699182,15,1,0,"1,211",2025/3/8,,7479456648264699182
162,tiktok,@bonoh230601,https://www.tiktok.com/@bonoh230601/video/7476893319247858990,16,0,1,"1,210",2025/3/2,,7476893319247858990
163,tiktok,@orozcde,https://www.tiktok.com/@orozcde/video/7487601394417995054,38,0,0,"1,207",2025/3/30,,7487601394417995054
164,tiktok,@myintgots,https://www.tiktok.com/@myintgots/video/7485396921264147755,31,0,1,"1,206",2025/3/24,,7485396921264147755
165,tiktok,@myintgots,https://www.tiktok.com/@myintgots/video/7488011494949489951,31,0,3,"1,202",2025/4/1,,7488011494949489951
166,tiktok,@bonoh230601,https://www.tiktok.com/@bonoh230601/video/7469742471480692014,32,1,3,"1,197",2025/4/1,,7469742471480692014
167,tiktok,@bigtedd69,https://www.tiktok.com/@bigtedd69/video/7468688935728778539,61,1,6,"1,190",2025/2/7,,7468688935728778539
168,tiktok,@mariabjdzjo,https://www.tiktok.com/@mariabjdzjo/video/7477243507955109166,19,0,0,"1,189",2025/2/7,,7477243507955109166
169,tiktok,@bonoh230601,https://www.tiktok.com/@bonoh230601/video/7466138479374683438,25,1,0,"1,188",2025/2/1,,7466138479374683438
170,tiktok,@myintgots,https://www.tiktok.com/@myintgots/video/7479814808636837163,25,2,1,"1,187",2025/3/9,,7479814808636837163
171,tiktok,@myintgots,https://www.tiktok.com/@myintgots/video/7473899431117507882,29,0,0,"1,187",2025/2/21,,7473899431117507882
172,tiktok,@bonoh230601,https://www.tiktok.com/@bonoh230601/video/7490595612426177838,31,0,1,"1,186",2025/4/8,,7490595612426177838
173,tiktok,@mariabjdzjo,https://www.tiktok.com/@mariabjdzjo/video/7488386178387938606,32,0,0,"1,176",2025/4/2,,7488386178387938606
174,tiktok,@myintgots,https://www.tiktok.com/@myintgots/video/7492442944704662814,20,1,3,"1,173",2025/4/12,,7492442944704662814
175,tiktok,@bonoh230601,https://www.tiktok.com/@bonoh230601/video/7489433390026886446,43,0,0,"1,172",2025/4/5,,7489433390026886446
176,tiktok,@bigtedd69,https://www.tiktok.com/@bigtedd69/video/7480940718706674990,3,0,1,"1,170",2025/3/12,,7480940718706674990
177,tiktok,@bonoh230601,https://www.tiktok.com/@bonoh230601/video/7477243654772395310,18,0,0,"1,168",2025/3/3,,7477243654772395310
178,tiktok,@mariabjdzjo,https://www.tiktok.com/@mariabjdzjo/video/7486534190679330090,34,0,0,"1,164",2025/3/28,,7486534190679330090
179,tiktok,@bigtedd69,https://www.tiktok.com/@bigtedd69/video/7487598827160014126,25,0,1,"1,160",2025/3/30,,7487598827160014126
180,tiktok,@bonoh230601,https://www.tiktok.com/@bonoh230601/video/7481281355574234414,16,0,0,"1,159",2025/3/13,,7481281355574234414
181,tiktok,@bonoh230601,https://www.tiktok.com/@bonoh230601/video/7487620433743809835,38,0,2,"1,154",2025/3/30,,7487620433743809835
182,tiktok,@bigtedd69,https://www.tiktok.com/@bigtedd69/video/7483918391930064171,11,0,1,"1,141",2025/3/20,,7483918391930064171
183,tiktok,@bonoh2306017,https://www.tiktok.com/@bonoh2306017/video/7472773556418448686,4,0,0,"1,141",2025/2/18,,7472773556418448686
184,tiktok,@myintgots,https://www.tiktok.com/@myintgots/video/7478697732346039594,15,1,1,"1,140",2025/3/6,,7478697732346039594
185,tiktok,@orozcde,https://www.tiktok.com/@orozcde/video/7470164926569434410,15,0,2,"1,135",2025/2/11,,7470164926569434410
186,tiktok,@orozcde,https://www.tiktok.com/@orozcde/video/7480130968330849582,7,0,1,"1,131",2025/3/10,,7480130968330849582
187,tiktok,@myintgots,https://www.tiktok.com/@myintgots/video/7475376640802147630,28,0,2,"1,131",2025/2/25,,7475376640802147630
188,tiktok,@myintgots,https://www.tiktok.com/@myintgots/video/7488743692870733086,28,0,0,"1,128",2025/4/3,,7488743692870733086
189,tiktok,@myintgots,https://www.tiktok.com/@myintgots/video/7464248473802509610,35,2,1,"1,127",2025/1/26,,7464248473802509610
190,tiktok,@orozcde,https://www.tiktok.com/@orozcde/video/7476428231214763310,7,0,0,"1,123",2025/2/28,,7476428231214763310
191,tiktok,@bigtedd69,https://www.tiktok.com/@bigtedd69/video/7475366567333727534,20,0,0,"1,118",2025/2/25,,7475366567333727534
192,tiktok,@bonoh230601,https://www.tiktok.com/@bonoh230601/video/7488743068284308782,11,0,2,"1,117",2025/4/3,,7488743068284308782
193,tiktok,@mariabjdzjo,https://www.tiktok.com/@mariabjdzjo/video/7491700843163520299,12,0,2,"1,115",2025/4/11,,7491700843163520299
194,tiktok,@myintgots,https://www.tiktok.com/@myintgots/video/7462753136793455918,29,1,2,"1,112",2025/1/22,,7462753136793455918
195,tiktok,@bigtedd69,https://www.tiktok.com/@bigtedd69/video/7483524798459415850,21,0,0,"1,103",2025/3/19,,7483524798459415850
196,tiktok,@bigtedd69,https://www.tiktok.com/@bigtedd69/video/7474612289467960618,33,0,0,"1,103",2025/2/23,,7474612289467960618
197,tiktok,@bigtedd69,https://www.tiktok.com/@bigtedd69/video/7482039305423064366,6,0,0,"1,101",2025/3/15,,7482039305423064366
198,tiktok,@bonoh230601,https://www.tiktok.com/@bonoh230601/video/7480372041976122670,18,0,0,"1,099",2025/3/11,,7480372041976122670
199,tiktok,@mariabjdzjo,https://www.tiktok.com/@mariabjdzjo/video/7480541795043069226,11,0,1,"1,099",2025/3/11,,7480541795043069226
200,tiktok,@myintgots,https://www.tiktok.com/@myintgots/video/7467885717495205166,48,0,2,"1,098",2025/2/5,,7467885717495205166
201,tiktok,@bonoh230601,https://www.tiktok.com/@bonoh230601/video/7479865850812517675,18,1,1,"1,097",2025/3/10,,7479865850812517675
202,tiktok,@bigtedd69,https://www.tiktok.com/@bigtedd69/video/7463064820926172462,49,0,10,"1,094",2025/1/23,,7463064820926172462
203,tiktok,@mariabjdzjo,https://www.tiktok.com/@mariabjdzjo/video/7489443289981046059,18,0,0,"1,084",2025/4/5,,7489443289981046059
204,tiktok,@mariabjdzjo,https://www.tiktok.com/@mariabjdzjo/video/7485019787232300334,52,0,1,"1,084",2025/3/23,,7485019787232300334
205,tiktok,@myintgots,https://www.tiktok.com/@myintgots/video/7466481177201888558,55,1,4,"1,082",2025/2/2,,7466481177201888558
206,tiktok,@orozcde,https://www.tiktok.com/@orozcde/video/7491686499583298862,24,0,1,"1,081",2025/4/10,,7491686499583298862
207,tiktok,@bonoh230601,https://www.tiktok.com/@bonoh230601/video/7485776963383086379,5,0,0,"1,074",2025/3/25,,7485776963383086379
208,tiktok,@orozcde,https://www.tiktok.com/@orozcde/video/7486504009528921386,10,0,1,"1,071",2025/3/27,,7486504009528921386
209,tiktok,@orozcde,https://www.tiktok.com/@orozcde/video/7474936975670119722,11,1,1,"1,069",2025/2/24,,7474936975670119722
210,tiktok,@bigtedd69,https://www.tiktok.com/@bigtedd69/video/7480569683004116270,13,0,1,"1,065",2025/3/11,,7480569683004116270
211,tiktok,@mariabjdzjo,https://www.tiktok.com/@mariabjdzjo/video/7477523359295704362,8,0,1,"1,062",2025/3/3,,7477523359295704362
212,tiktok,@bigtedd69,https://www.tiktok.com/@bigtedd69/video/7482416781982911790,7,0,1,"1,060",2025/3/16,,7482416781982911790
213,tiktok,@bigtedd69,https://www.tiktok.com/@bigtedd69/video/7477523638774844718,8,1,1,"1,057",2025/3/3,,7477523638774844718
214,tiktok,@bonoh230601,https://www.tiktok.com/@bonoh230601/video/7480135592983186734,20,0,1,"1,051",2025/3/10,,7480135592983186734
215,tiktok,@orozcde,https://www.tiktok.com/@orozcde/video/7481629589341719854,4,0,0,"1,050",2025/3/14,,7481629589341719854
216,tiktok,@bonoh230601,https://www.tiktok.com/@bonoh230601/video/7491368027271810346,46,0,1,"1,048",2025/4/10,,7491368027271810346
217,tiktok,@orozcde,https://www.tiktok.com/@orozcde/video/7488383043850341675,20,0,0,"1,048",2025/4/2,,7488383043850341675
218,tiktok,@orozcde,https://www.tiktok.com/@orozcde/video/7483524039533677867,17,1,1,"1,048",2025/3/19,,7483524039533677867
219,tiktok,@orozcde,https://www.tiktok.com/@orozcde/video/7463064524594269486,34,1,1,"1,046",2025/1/23,,7463064524594269486
220,tiktok,@mariabjdzjo,https://www.tiktok.com/@mariabjdzjo/video/7488380163638496555,71,1,3,"1,043",2025/4/2,,7488380163638496555
221,tiktok,@orozcde,https://www.tiktok.com/@orozcde/video/7488018730153282862,0,0,0,"1,043",2025/4/1,,7488018730153282862
222,tiktok,@orozcde,https://www.tiktok.com/@orozcde/video/7475718176425135402,22,1,2,"1,041",2025/2/26,,7475718176425135402
223,tiktok,@orozcde,https://www.tiktok.com/@orozcde/video/7488743733597523246,11,0,0,"1,040",2025/4/3,,7488743733597523246
224,tiktok,@orozcde,https://www.tiktok.com/@orozcde/video/7474135000556850475,16,0,1,"1,039",2025/2/22,,7474135000556850475
225,tiktok,@myintgots,https://www.tiktok.com/@myintgots/video/7463065594196266283,21,0,0,"1,039",2025/1/23,,7463065594196266283
226,tiktok,@bonoh2306017,https://www.tiktok.com/@bonoh2306017/video/7477948593597566254,3,0,0,"1,031",2025/3/4,,7477948593597566254
227,tiktok,@bigtedd69,https://www.tiktok.com/@bigtedd69/video/7477970398836002091,7,0,1,"1,030",2025/3/4,,7477970398836002091
228,tiktok,@myintgots,https://www.tiktok.com/@myintgots/video/7477970413868289322,9,1,0,"1,027",2025/3/4,,7477970413868289322
229,tiktok,@bonoh230601,https://www.tiktok.com/@bonoh230601/video/7478320720397929774,7,0,0,"1,023",2025/3/5,,7478320720397929774
230,tiktok,@myintgots,https://www.tiktok.com/@myintgots/video/7482416790165916970,16,0,0,"1,022",2025/3/16,,7482416790165916970
231,tiktok,@bonoh2306017,https://www.tiktok.com/@bonoh2306017/video/7479476996158934318,9,1,0,"1,019",2025/3/9,,7479476996158934318
232,tiktok,@bigtedd69,https://www.tiktok.com/@bigtedd69/video/7474134984836681006,34,0,0,"1,019",2025/2/22,,7474134984836681006
233,tiktok,@myintgots,https://www.tiktok.com/@myintgots/video/7463513124713319726,28,0,4,"1,018",2025/1/25,,7463513124713319726
234,tiktok,@bigtedd69,https://www.tiktok.com/@bigtedd69/video/7471658175096360238,42,0,2,"1,015",2025/2/15,,7471658175096360238
235,tiktok,@bonoh2306017,https://www.tiktok.com/@bonoh2306017/video/7487620540664941866,45,0,3,"1,013",2025/3/30,,7487620540664941866
236,tiktok,@mariabjdzjo,https://www.tiktok.com/@mariabjdzjo/video/7481281867656924462,7,0,0,"1,009",2025/3/13,,7481281867656924462
237,tiktok,@bigtedd69,https://www.tiktok.com/@bigtedd69/video/7473881270943075630,24,0,0,"1,009",2025/2/21,,7473881270943075630
238,tiktok,@bonoh230601,https://www.tiktok.com/@bonoh230601/video/7479477009748397355,7,0,0,"1,008",2025/3/9,,7479477009748397355
239,tiktok,@orozcde,https://www.tiktok.com/@orozcde/video/7479094715963428139,19,0,0,"1,007",2025/3/7,,7479094715963428139
240,tiktok,@bonoh2306017,https://www.tiktok.com/@bonoh2306017/video/7477963137908526378,4,0,0,"1,007",2025/3/4,,7477963137908526378
241,tiktok,@bonoh2306017,https://www.tiktok.com/@bonoh2306017/video/7473890210871397674,7,0,0,"1,004",2025/2/21,,7473890210871397674
242,tiktok,@mariabjdzjo,https://www.tiktok.com/@mariabjdzjo/video/7492482367005756718,12,0,1,"1,002",2025/4/13,,7492482367005756718
243,tiktok,@bonoh230601,https://www.tiktok.com/@bonoh230601/video/7468503770180390190,28,0,0,"1,001",2025/2/7,,7468503770180390190
244,tiktok,@orozcde,https://www.tiktok.com/@orozcde/video/7489478810493160750,9,0,0,"1,000",2025/4/5,,7489478810493160750
245,tiktok,@orozcde,https://www.tiktok.com/@orozcde/video/7475366755007827246,19,0,0,"1,000",2025/2/25,,7475366755007827246
246,tiktok,@bigtedd69,https://www.tiktok.com/@bigtedd69/video/7470912254289005866,18,1,2,999,2025/2/13,,7470912254289005866
247,tiktok,@myintgots,https://www.tiktok.com/@myintgots/video/7474134973474245934,30,0,2,998,2025/2/22,,7474134973474245934
248,tiktok,@myintgots,https://www.tiktok.com/@myintgots/video/7473518662176034094,26,0,1,995,2025/2/20,,7473518662176034094
249,tiktok,@myintgots,https://www.tiktok.com/@myintgots/video/7465369045479542062,63,0,4,994,2025/1/30,,7465369045479542062
250,tiktok,@bonoh2306017,https://www.tiktok.com/@bonoh2306017/video/7488748000097881390,18,0,2,992,2025/4/3,,7488748000097881390
251,tiktok,@orozcde,https://www.tiktok.com/@orozcde/video/7470913416249543978,34,0,1,991,2025/2/13,,7470913416249543978
252,tiktok,@bonoh230601,https://www.tiktok.com/@bonoh230601/video/7477948616619986219,17,1,1,991,,,7477948616619986219
253,tiktok,@orozcde,https://www.tiktok.com/@orozcde/video/7474595948229004590,20,0,2,989,2025/2/23,,7474595948229004590
254,tiktok,@myintgots,https://www.tiktok.com/@myintgots/video/7475729210326240555,20,2,3,988,2025/2/26,,7475729210326240555
255,tiktok,@myintgots,https://www.tiktok.com/@myintgots/video/7470914612980895019,41,0,4,988,2025/2/13,,7470914612980895019
256,tiktok,@mariabjdzjo,https://www.tiktok.com/@mariabjdzjo/video/7490239738662702382,28,0,1,987,2025/4/7,,7490239738662702382
257,tiktok,@orozcde,https://www.tiktok.com/@orozcde/video/7489835704072047915,11,0,0,985,2025/4/6,,7489835704072047915
258,tiktok,@bigtedd69,https://www.tiktok.com/@bigtedd69/video/7474937068884331822,11,0,0,984,2025/2/24,,7474937068884331822
259,tiktok,@bonoh2306017,https://www.tiktok.com/@bonoh2306017/video/7470551253429325098,24,0,3,979,2025/2/12,,7470551253429325098
260,tiktok,@orozcde,https://www.tiktok.com/@orozcde/video/7482039019904372014,6,0,0,976,2025/3/15,,7482039019904372014
261,tiktok,@myintgots,https://www.tiktok.com/@myintgots/video/7471657692789034282,33,1,3,976,2025/2/15,,7471657692789034282
262,tiktok,@bigtedd69,https://www.tiktok.com/@bigtedd69/video/7463512938406481194,45,0,0,972,2025/1/25,,7463512938406481194
263,tiktok,@bigtedd69,https://www.tiktok.com/@bigtedd69/video/7469060677840293163,42,0,1,969,2025/2/8,,7469060677840293163
264,tiktok,@orozcde,https://www.tiktok.com/@orozcde/video/7482419490995834158,9,0,0,966,2025/3/16,,7482419490995834158
265,tiktok,@myintgots,https://www.tiktok.com/@myintgots/video/7478353868590517546,38,0,1,963,2025/3/5,,7478353868590517546
266,tiktok,@orozcde,https://www.tiktok.com/@orozcde/video/7463513262106152235,38,0,2,959,2025/1/25,,7463513262106152235
267,tiktok,@orozcde,https://www.tiktok.com/@orozcde/video/7478339571009195306,10,0,1,958,2025/3/5,,7478339571009195306
268,tiktok,@bigtedd69,https://www.tiktok.com/@bigtedd69/video/7472773394199629102,35,0,3,956,2025/2/18,,7472773394199629102
269,tiktok,@bonoh230601,https://www.tiktok.com/@bonoh230601/video/7475740624835349806,20,0,1,955,2025/2/26,,7475740624835349806
270,tiktok,@myintgots,https://www.tiktok.com/@myintgots/video/7473103236153511211,10,1,2,955,2025/2/19,,7473103236153511211
271,tiktok,@orozcde,https://www.tiktok.com/@orozcde/video/7473881169621257518,8,0,0,953,2025/2/21,,7473881169621257518
272,tiktok,@bonoh2306017,https://www.tiktok.com/@bonoh2306017/video/7470931813792271662,12,0,0,953,2025/2/13,,7470931813792271662
273,tiktok,@bonoh2306017,https://www.tiktok.com/@bonoh2306017/video/7486328018307255583,17,0,2,950,2025/3/27,,7486328018307255583
274,tiktok,@bonoh230601,https://www.tiktok.com/@bonoh230601/video/7474235662531677482,13,0,0,950,2025/2/22,,7474235662531677482
275,tiktok,@bonoh2306017,https://www.tiktok.com/@bonoh2306017/video/7473142204085587242,2,0,0,950,2025/2/19,,7473142204085587242
276,tiktok,@bigtedd69,https://www.tiktok.com/@bigtedd69/video/7478353541703257386,29,0,0,949,2025/3/5,,7478353541703257386
277,tiktok,@bonoh230601,https://www.tiktok.com/@bonoh230601/video/7470192714475408686,20,0,1,949,2025/2/12,,7470192714475408686
278,tiktok,@bonoh2306017,https://www.tiktok.com/@bonoh2306017/video/7474820302917127470,0,0,0,947,2025/2/24,,7474820302917127470
279,tiktok,@myintgots,https://www.tiktok.com/@myintgots/video/7485032730573524270,4,0,0,945,2025/3/23,,7485032730573524270
280,tiktok,@bonoh230601,https://www.tiktok.com/@bonoh230601/video/7478699050225913134,10,0,1,945,2025/3/6,,7478699050225913134
281,tiktok,@mariabjdzjo,https://www.tiktok.com/@mariabjdzjo/video/7475394662082153770,7,0,0,944,2025/2/26,,7475394662082153770
282,tiktok,@bigtedd69,https://www.tiktok.com/@bigtedd69/video/7472400388134538538,48,0,3,943,2025/2/17,,7472400388134538538
283,tiktok,@bigtedd69,https://www.tiktok.com/@bigtedd69/video/7471289657485954350,47,0,1,943,2025/2/14,,7471289657485954350
284,tiktok,@bonoh2306017,https://www.tiktok.com/@bonoh2306017/video/7467573507459779882,3,0,0,942,2025/2/4,,7467573507459779882
285,tiktok,@bonoh230601,https://www.tiktok.com/@bonoh230601/video/7470356462565346603,39,1,1,940,2025/2/12,,7470356462565346603
286,tiktok,@orozcde,https://www.tiktok.com/@orozcde/video/7476282765248318763,17,0,2,939,2025/2/28,,7476282765248318763
287,tiktok,@mariabjdzjo,https://www.tiktok.com/@mariabjdzjo/video/7480372211392449834,19,0,0,938,2025/3/11,,7480372211392449834
288,tiktok,@myintgots,https://www.tiktok.com/@myintgots/video/7469060684144495914,15,0,1,938,2025/2/8,,7469060684144495914
289,tiktok,@bonoh230601,https://www.tiktok.com/@bonoh230601/video/7473142213292117291,11,0,0,937,2025/2/19,,7473142213292117291
290,tiktok,@mariabjdzjo,https://www.tiktok.com/@mariabjdzjo/video/7489433375950818603,47,0,1,936,2025/4/5,,7489433375950818603
291,tiktok,@mariabjdzjo,https://www.tiktok.com/@mariabjdzjo/video/7470931847615302958,22,0,2,936,2025/2/13,,7470931847615302958
292,tiktok,@bonoh230601,https://www.tiktok.com/@bonoh230601/video/7482438028078845226,12,0,0,934,2025/3/17,,7482438028078845226
293,tiktok,@myintgots,https://www.tiktok.com/@myintgots/video/7474626800241397034,32,1,1,928,2025/2/23,,7474626800241397034
294,tiktok,@bonoh230601,https://www.tiktok.com/@bonoh230601/video/7482727110285495595,16,0,0,923,2025/3/17,,7482727110285495595
295,tiktok,@mariabjdzjo,https://www.tiktok.com/@mariabjdzjo/video/7474817934318210347,15,0,0,921,2025/2/24,,7474817934318210347
296,tiktok,@mariabjdzjo,https://www.tiktok.com/@mariabjdzjo/video/7478699068684815658,21,0,1,920,2025/3/6,,7478699068684815658
297,tiktok,@bonoh2306017,https://www.tiktok.com/@bonoh2306017/video/7471678142910975275,16,1,0,920,2025/2/16,,7471678142910975275
298,tiktok,@bonoh230601,https://www.tiktok.com/@bonoh230601/video/7491700873320664366,18,0,0,917,2025/4/11,,7491700873320664366
299,tiktok,@bonoh2306017,https://www.tiktok.com/@bonoh2306017/video/7480372307555274027,22,0,1,917,2025/3/11,,7480372307555274027
300,tiktok,@bonoh2306017,https://www.tiktok.com/@bonoh2306017/video/7478699082261826862,5,0,1,914,2025/3/6,,7478699082261826862
301,tiktok,@myintgots,https://www.tiktok.com/@myintgots/video/7470550303578803502,49,0,3,913,2025/2/12,,7470550303578803502
302,tiktok,@bigtedd69,https://www.tiktok.com/@bigtedd69/video/7472782378897788206,51,0,2,910,2025/2/18,,7472782378897788206
303,tiktok,@bonoh230601,https://www.tiktok.com/@bonoh230601/video/7476415459252817198,5,0,0,905,2025/2/28,,7476415459252817198
304,tiktok,@bonoh2306017,https://www.tiktok.com/@bonoh2306017/video/7473098309003939115,7,0,0,905,2025/2/19,,7473098309003939115
305,tiktok,@mariabjdzjo,https://www.tiktok.com/@mariabjdzjo/video/7468503710096739626,4,0,0,905,2025/2/7,,7468503710096739626
306,tiktok,@orozcde,https://www.tiktok.com/@orozcde/video/7473695654771182894,10,0,1,903,2025/2/21,,7473695654771182894
307,tiktok,@mariabjdzjo,https://www.tiktok.com/@mariabjdzjo/video/7475739961744985390,26,0,2,902,2025/2/26,,7475739961744985390
308,tiktok,@orozcde,https://www.tiktok.com/@orozcde/video/7469061101968215338,11,0,0,897,2025/2/8,,7469061101968215338
309,tiktok,@orozcde,https://www.tiktok.com/@orozcde/video/7471657797411949870,4,0,1,896,2025/2/15,,7471657797411949870
310,tiktok,@bigtedd69,https://www.tiktok.com/@bigtedd69/video/7470165142399896874,51,0,1,896,2025/2/11,,7470165142399896874
311,tiktok,@orozcde,https://www.tiktok.com/@orozcde/video/7473898971409190187,11,0,0,892,2025/2/21,,7473898971409190187
312,tiktok,@bigtedd69,https://www.tiktok.com/@bigtedd69/video/7473899412377357611,21,0,0,892,2025/2/21,,7473899412377357611
313,tiktok,@bonoh2306017,https://www.tiktok.com/@bonoh2306017/video/7491700901351034155,0,0,0,889,2025/4/11,,7491700901351034155
314,tiktok,@myintgots,https://www.tiktok.com/@myintgots/video/7473145004282727726,29,0,1,889,2025/2/19,,7473145004282727726
315,tiktok,@orozcde,https://www.tiktok.com/@orozcde/video/7474612444267056427,10,0,0,887,2025/2/23,,7474612444267056427
316,tiktok,@orozcde,https://www.tiktok.com/@orozcde/video/7474626851168587054,2,1,0,885,2025/2/23,,7474626851168587054
317,tiktok,@mariabjdzjo,https://www.tiktok.com/@mariabjdzjo/video/7473870946814872878,25,0,0,884,2025/2/21,,7473870946814872878
318,tiktok,@orozcde,https://www.tiktok.com/@orozcde/video/7477961880049405227,17,1,2,883,2025/3/4,,7477961880049405227
319,tiktok,@mariabjdzjo,https://www.tiktok.com/@mariabjdzjo/video/7474817965079170346,24,0,1,881,2025/2/24,,7474817965079170346
320,tiktok,@myintgots,https://www.tiktok.com/@myintgots/video/7477523305776549166,11,0,0,880,2025/3/3,,7477523305776549166
321,tiktok,@myintgots,https://www.tiktok.com/@myintgots/video/7472773432778722602,23,1,2,876,2025/2/18,,7472773432778722602
322,tiktok,@bonoh2306017,https://www.tiktok.com/@bonoh2306017/video/7478884615298534698,5,0,0,870,2025/3/7,,7478884615298534698
323,tiktok,@orozcde,https://www.tiktok.com/@orozcde/video/7473518581314014506,1,0,0,867,2025/2/20,,7473518581314014506
324,tiktok,@myintgots,https://www.tiktok.com/@myintgots/video/7477223673926061355,17,0,0,865,2025/3/2,,7477223673926061355
325,tiktok,@bonoh230601,https://www.tiktok.com/@bonoh230601/video/7472394285120490798,17,0,1,863,2025/2/17,,7472394285120490798
326,tiktok,@orozcde,https://www.tiktok.com/@orozcde/video/7470549618221387054,14,1,2,863,2025/2/12,,7470549618221387054
327,tiktok,@orozcde,https://www.tiktok.com/@orozcde/video/7473501930661121326,7,0,0,856,2025/2/20,,7473501930661121326
328,tiktok,@bonoh230601,https://www.tiktok.com/@bonoh230601/video/7468722793945910570,7,0,0,854,2025/2/8,,7468722793945910570
329,tiktok,@bonoh2306017,https://www.tiktok.com/@bonoh2306017/video/7475182777801952554,1,0,0,853,2025/2/25,,7475182777801952554
330,tiktok,@orozcde,https://www.tiktok.com/@orozcde/video/7469736171891936554,3,0,0,853,2025/2/10,,7469736171891936554
331,tiktok,@bonoh2306017,https://www.tiktok.com/@bonoh2306017/video/7469742691132296494,0,0,0,849,2025/2/10,,7469742691132296494
332,tiktok,@orozcde,https://www.tiktok.com/@orozcde/video/7473159363125841194,10,0,0,846,2025/2/19,,7473159363125841194
333,tiktok,@orozcde,https://www.tiktok.com/@orozcde/video/7473145077234273579,15,0,1,844,2025/2/19,,7473145077234273579
334,tiktok,@bonoh2306017,https://www.tiktok.com/@bonoh2306017/video/7464770608723709230,3,0,0,844,2025/1/28,,7464770608723709230
335,tiktok,@myintgots,https://www.tiktok.com/@myintgots/video/7475718204975992110,4,0,1,840,2025/2/26,,7475718204975992110
336,tiktok,@bonoh2306017,https://www.tiktok.com/@bonoh2306017/video/7470192762604997934,5,0,1,839,2025/2/12,,7470192762604997934
337,tiktok,@myintgots,https://www.tiktok.com/@myintgots/video/7476118903383493931,19,1,1,838,2025/2/27,,7476118903383493931
338,tiktok,@bonoh230601,https://www.tiktok.com/@bonoh230601/video/7472773485279071534,16,0,0,837,2025/2/18,,7472773485279071534
339,tiktok,@mariabjdzjo,https://www.tiktok.com/@mariabjdzjo/video/7477963114881879339,9,0,0,834,2025/3/4,,7477963114881879339
340,tiktok,#VALUE!,https://www.tiktok.com/@myintgots/photo/7469991351275375918,15,0,2,833,2025/2/11,,#VALUE!
341,tiktok,@orozcde,https://www.tiktok.com/@orozcde/video/7472773973328055595,6,0,0,832,2025/2/18,,7472773973328055595
342,tiktok,@orozcde,https://www.tiktok.com/@orozcde/video/7472400019740429614,5,0,1,826,2025/2/17,,7472400019740429614
343,tiktok,@bonoh2306017,https://www.tiktok.com/@bonoh2306017/video/7469082132090998059,1,0,0,825,2025/2/9,,7469082132090998059
344,tiktok,@orozcde,https://www.tiktok.com/@orozcde/video/7473099589919247659,15,0,0,824,2025/2/19,,7473099589919247659
345,tiktok,@bonoh2306017,https://www.tiktok.com/@bonoh2306017/video/7469457500459273514,4,0,0,823,2025/2/10,,7469457500459273514
346,tiktok,@bonoh2306017,https://www.tiktok.com/@bonoh2306017/video/7470356306348576042,1,0,0,822,2025/2/12,,7470356306348576042
347,tiktok,@bigtedd69,https://www.tiktok.com/@bigtedd69/video/7488739100040678698,10,0,0,821,2025/4/3,,7488739100040678698
348,tiktok,@orozcde,https://www.tiktok.com/@orozcde/video/7472782484338445611,7,0,0,821,2025/2/18,,7472782484338445611
349,tiktok,@bonoh2306017,https://www.tiktok.com/@bonoh2306017/video/7468503804820901163,4,0,1,821,2025/2/7,,7468503804820901163
350,tiktok,@orozcde,https://www.tiktok.com/@orozcde/video/7470729681759833390,3,0,0,820,2025/2/13,,7470729681759833390
351,tiktok,@orozcde,https://www.tiktok.com/@orozcde/video/7470355020505042222,2,0,0,820,2025/2/12,,7470355020505042222
352,tiktok,@bonoh2306017,https://www.tiktok.com/@bonoh2306017/video/7473133966996933934,2,0,0,818,2025/2/19,,7473133966996933934
353,tiktok,@bigtedd69,https://www.tiktok.com/@bigtedd69/video/7477223762987896107,10,2,2,815,2025/3/2,,7477223762987896107
354,tiktok,@myintgots,https://www.tiktok.com/@myintgots/video/7478339766208040234,40,0,1,812,2025/3/5,,7478339766208040234
355,tiktok,@bonoh230601,https://www.tiktok.com/@bonoh230601/video/7473557937839967531,2,0,0,810,2025/2/21,,7473557937839967531
356,tiktok,@bigtedd69,https://www.tiktok.com/@bigtedd69/video/7470729806297058603,3,1,0,810,2025/2/13,,7470729806297058603
357,tiktok,@mariabjdzjo,https://www.tiktok.com/@mariabjdzjo/video/7475023269343612203,2,0,0,806,2025/2/25,,7475023269343612203
358,tiktok,@bigtedd69,https://www.tiktok.com/@bigtedd69/video/7470549886522461482,20,0,0,799,2025/2/12,,7470549886522461482
359,tiktok,@orozcde,https://www.tiktok.com/@orozcde/video/7471290231350725934,7,0,0,797,2025/2/14,,7471290231350725934
360,tiktok,@mariabjdzjo,https://www.tiktok.com/@mariabjdzjo/video/7472947650636123438,23,0,0,788,2025/2/19,,7472947650636123438
361,tiktok,@mariabjdzjo,https://www.tiktok.com/@mariabjdzjo/video/7475183090957045038,21,0,0,785,2025/2/25,,7475183090957045038
362,tiktok,@myintgots,https://www.tiktok.com/@myintgots/video/7469736510963731755,25,0,1,779,2025/2/10,,7469736510963731755
363,tiktok,@myintgots,https://www.tiktok.com/@myintgots/video/7473159395812068654,14,1,0,776,2025/2/19,,7473159395812068654
364,tiktok,@bonoh230601,https://www.tiktok.com/@bonoh230601/video/7469082690008911146,3,0,0,775,2025/2/9,,7469082690008911146
365,tiktok,@mariabjdzjo,https://www.tiktok.com/@mariabjdzjo/video/7470356613778459950,19,0,0,765,2025/2/12,,7470356613778459950
366,tiktok,@bonoh230601,https://www.tiktok.com/@bonoh230601/video/7468337722889899307,4,0,0,757,2025/2/7,,7468337722889899307
367,tiktok,@orozcde,https://www.tiktok.com/@orozcde/video/7478353763367931179,1,0,0,731,2025/3/5,,7478353763367931179
368,tiktok,@bonoh2306017,https://www.tiktok.com/@bonoh2306017/video/7467936597418315051,1,0,0,726,2025/2/5,,7467936597418315051
369,tiktok,@orozcde,https://www.tiktok.com/@orozcde/video/7486877733918657835,15,0,1,724,2025/3/28,,7486877733918657835
370,tiktok,@bonoh2306017,https://www.tiktok.com/@bonoh2306017/video/7468722799062846766,2,1,0,724,2025/2/8,,7468722799062846766
371,tiktok,@bonoh2306017,https://www.tiktok.com/@bonoh2306017/video/7468337941497105707,2,0,0,723,2025/2/7,,7468337941497105707
372,tiktok,@myintgots,https://www.tiktok.com/@myintgots/video/7490223119060290846,24,0,0,722,2025/4/7,,7490223119060290846
373,tiktok,@mariabjdzjo,https://www.tiktok.com/@mariabjdzjo/video/7490996442346114350,24,0,1,686,2025/4/9,,7490996442346114350
374,tiktok,@bigtedd69,https://www.tiktok.com/@bigtedd69/video/7486503949801983275,4,0,0,672,2025/3/27,,7486503949801983275
375,tiktok,@bonoh2306017,https://www.tiktok.com/@bonoh2306017/video/7475023935701142826,1,0,0,660,2025/2/25,,7475023935701142826
376,tiktok,@myintgots,https://www.tiktok.com/@myintgots/video/7474612296904510766,24,0,0,631,2025/2/23,,7474612296904510766
377,tiktok,@mariabjdzjo,https://www.tiktok.com/@mariabjdzjo/video/7472394563290811694,15,0,0,613,2025/2/17,,7472394563290811694
378,tiktok,@bonoh230601,https://www.tiktok.com/@bonoh230601/video/7470727838237297963,20,0,0,612,2025/2/13,,7470727838237297963
379,tiktok,@bonoh230601,https://www.tiktok.com/@bonoh230601/video/7472966611549293870,1,0,0,599,2025/2/19,,7472966611549293870
380,tiktok,@myintgots,https://www.tiktok.com/@myintgots/video/7477961912127589678,8,0,0,574,2025/3/4,,7477961912127589678
381,tiktok,@myintgots,https://www.tiktok.com/@myintgots/video/7470728822632271150,21,1,1,569,2025/2/13,,7470728822632271150
382,tiktok,@bigtedd69,https://www.tiktok.com/@bigtedd69/video/7474595808105631022,17,0,1,540,2025/2/23,,7474595808105631022
383,tiktok,@myintgots,https://www.tiktok.com/@myintgots/video/7468309719623503146,6,1,0,529,2025/2/6,,7468309719623503146
384,tiktok,@mariabjdzjo,https://www.tiktok.com/@mariabjdzjo/video/7468337621509639470,19,1,3,523,2025/2/7,,7468337621509639470
385,tiktok,@myintgots,https://www.tiktok.com/@myintgots/video/7474595841605504298,12,0,0,517,2025/2/23,,7474595841605504298
386,tiktok,@bonoh2306017,https://www.tiktok.com/@bonoh2306017/video/7464770587966164266,11,0,1,514,2025/1/28,,7464770587966164266
387,tiktok,@bonoh230601,https://www.tiktok.com/@bonoh230601/video/7467573452132617515,2,0,1,490,2025/2/4,,7467573452132617515
388,tiktok,@mariabjdzjo,https://www.tiktok.com/@mariabjdzjo/video/7470192755575409966,12,0,3,486,2025/2/12,,7470192755575409966
389,tiktok,@bigtedd69,https://www.tiktok.com/@bigtedd69/video/7469736614147673386,37,0,0,482,2025/2/10,,7469736614147673386
390,tiktok,@bigtedd69,https://www.tiktok.com/@bigtedd69/video/7465368308351569198,19,1,0,480,2025/1/30,,7465368308351569198
391,tiktok,@bigtedd69,https://www.tiktok.com/@bigtedd69/video/7473144562668555566,24,0,1,476,2025/2/19,,7473144562668555566
392,tiktok,@bonoh2306017,https://www.tiktok.com/@bonoh2306017/video/7470727720696106282,4,0,1,471,2025/2/13,,7470727720696106282
393,tiktok,#VALUE!,https://www.tiktok.com/@bigtedd69/photo/7469991371626024234,4,0,1,460,2025/2/11,,#VALUE!
394,tiktok,@bigtedd69,https://www.tiktok.com/@bigtedd69/video/7475729231410973995,8,0,0,458,2025/2/26,,7475729231410973995
395,tiktok,@bigtedd69,https://www.tiktok.com/@bigtedd69/video/7473159866920504622,16,0,1,453,2025/2/19,,7473159866920504622
396,tiktok,@bigtedd69,https://www.tiktok.com/@bigtedd69/video/7474627031662333230,9,0,0,452,2025/2/23,,7474627031662333230
397,tiktok,@bigtedd69,https://www.tiktok.com/@bigtedd69/video/7489835812796779822,6,0,0,442,2025/4/6,,7489835812796779822
398,tiktok,@bigtedd69,https://www.tiktok.com/@bigtedd69/video/7488383137072827690,11,0,0,442,2025/4/2,,7488383137072827690
399,tiktok,@bonoh230601,https://www.tiktok.com/@bonoh230601/video/7473872018623171886,0,0,0,420,2025/2/21,,7473872018623171886
400,tiktok,@bigtedd69,https://www.tiktok.com/@bigtedd69/video/7466480687890156842,14,0,0,413,2025/2/1,,7466480687890156842
401,tiktok,@mariabjdzjo,https://www.tiktok.com/@mariabjdzjo/video/7469742662220795178,4,0,1,409,2025/2/10,,7469742662220795178
402,tiktok,@myintgots,https://www.tiktok.com/@myintgots/video/7470356887284763947,4,0,0,395,2025/2/12,,7470356887284763947
403,tiktok,@bigtedd69,https://www.tiktok.com/@bigtedd69/video/7490223033127308586,8,0,0,394,2025/4/7,,7490223033127308586
404,tiktok,@bigtedd69,https://www.tiktok.com/@bigtedd69/video/7475377172480265518,68,3,9,394,2025/2/26,,7475377172480265518
405,tiktok,@orozcde,https://www.tiktok.com/@orozcde/video/7468689384536231214,2,0,0,391,2025/2/7,,7468689384536231214
406,tiktok,@bonoh230601,https://www.tiktok.com/@bonoh230601/video/7467214254047792426,4,0,0,390,2025/2/3,,7467214254047792426
407,tiktok,@orozcde,https://www.tiktok.com/@orozcde/video/7465368678142397738,8,1,0,390,2025/1/30,,7465368678142397738
408,tiktok,@orozcde,https://www.tiktok.com/@orozcde/video/7466480754055351598,8,0,0,383,2025/2/1,,7466480754055351598
409,tiktok,@bigtedd69,https://www.tiktok.com/@bigtedd69/video/7489483082781756718,1,0,0,380,2025/4/5,,7489483082781756718
410,tiktok,@bigtedd69,https://www.tiktok.com/@bigtedd69/video/7467886463024254254,13,0,0,380,2025/2/5,,7467886463024254254
411,tiktok,@bonoh230601,https://www.tiktok.com/@bonoh230601/video/7490996466945658155,10,0,0,373,2025/4/9,,7490996466945658155
412,tiktok,@orozcde,https://www.tiktok.com/@orozcde/video/7468309528082320686,8,0,0,371,2025/2/6,,7468309528082320686
413,tiktok,@bigtedd69,https://www.tiktok.com/@bigtedd69/video/7468495832392731947,22,0,2,369,2025/2/7,,7468495832392731947
414,tiktok,@orozcde,https://www.tiktok.com/@orozcde/video/7467885873741319470,14,0,0,369,2025/2/5,,7467885873741319470
415,tiktok,@myintgots,https://www.tiktok.com/@myintgots/video/7486877821030190367,7,0,1,368,2025/3/28,,7486877821030190367
416,tiktok,@bonoh230601,https://www.tiktok.com/@bonoh230601/video/7473547304482442538,5,0,1,368,2025/2/21,,7473547304482442538
417,tiktok,@mariabjdzjo,https://www.tiktok.com/@mariabjdzjo/video/7473133952237227310,17,0,2,365,2025/2/19,,7473133952237227310
418,tiktok,@bigtedd69,https://www.tiktok.com/@bigtedd69/video/7464248207850310958,9,0,1,356,2025/1/26,,7464248207850310958
419,tiktok,@myintgots,https://www.tiktok.com/@myintgots/video/7472400309550189867,18,0,3,352,2025/2/17,,7472400309550189867
420,tiktok,@bonoh2306017,https://www.tiktok.com/@bonoh2306017/video/7472024081248832811,6,0,0,345,2025/2/16,,7472024081248832811
421,tiktok,@mariabjdzjo,https://www.tiktok.com/@mariabjdzjo/video/7470727534083214638,14,0,0,345,2025/2/13,,7470727534083214638
422,tiktok,@myintgots,https://www.tiktok.com/@myintgots/video/7473695753517681966,12,0,0,343,2025/2/21,,7473695753517681966
423,tiktok,@orozcde,https://www.tiktok.com/@orozcde/video/7490972776455507246,4,0,0,340,2025/4/9,,7490972776455507246
424,tiktok,@mariabjdzjo,https://www.tiktok.com/@mariabjdzjo/video/7468722827093495083,3,0,0,335,2025/2/8,,7468722827093495083
425,tiktok,@myintgots,https://www.tiktok.com/@myintgots/video/7490972936594115870,8,0,1,327,2025/4/9,,7490972936594115870
426,tiktok,@orozcde,https://www.tiktok.com/@orozcde/video/7467583890710924590,13,0,0,326,2025/2/4,,7467583890710924590
427,tiktok,@bigtedd69,https://www.tiktok.com/@bigtedd69/video/7486157601164643627,6,0,0,325,2025/3/27,,7486157601164643627
428,tiktok,@bigtedd69,https://www.tiktok.com/@bigtedd69/video/7467583788655136043,8,0,0,323,2025/2/4,,7467583788655136043
429,tiktok,@bigtedd69,https://www.tiktok.com/@bigtedd69/video/7470354656749997358,7,0,1,321,2025/2/12,,7470354656749997358
430,tiktok,@bigtedd69,https://www.tiktok.com/@bigtedd69/video/7479094698079063342,1,0,0,319,2025/3/7,,7479094698079063342
431,tiktok,@myintgots,https://www.tiktok.com/@myintgots/video/7489478901119339806,10,0,0,318,2025/4/5,,7489478901119339806
432,tiktok,@bigtedd69,https://www.tiktok.com/@bigtedd69/video/7467214761818754350,6,0,0,313,2025/2/3,,7467214761818754350
433,tiktok,@bonoh2306017,https://www.tiktok.com/@bonoh2306017/video/7466138478561004843,6,0,0,306,2025/2/1,,7466138478561004843
434,tiktok,@orozcde,https://www.tiktok.com/@orozcde/video/7462752977804102954,4,0,1,304,2025/1/22,,7462752977804102954
435,tiktok,#VALUE!,https://www.tiktok.com/@mariabjdzjo/photo/7470185245241838890,2,0,0,298,2025/2/11,,#VALUE!
436,tiktok,@bonoh2306017,https://www.tiktok.com/@bonoh2306017/video/7467214316459003179,7,0,0,297,2025/2/3,,7467214316459003179
437,tiktok,@mariabjdzjo,https://www.tiktok.com/@mariabjdzjo/video/7469457487285030186,6,1,0,290,2025/2/10,,7469457487285030186
438,tiktok,@orozcde,https://www.tiktok.com/@orozcde/video/7467214802906025259,1,0,0,287,2025/2/3,,7467214802906025259
439,tiktok,@myintgots,https://www.tiktok.com/@myintgots/video/7467215997225962798,5,0,0,285,2025/2/3,,7467215997225962798
440,tiktok,@myintgots,https://www.tiktok.com/@myintgots/video/7473502498905509163,11,0,1,283,2025/2/20,,7473502498905509163
441,tiktok,@mariabjdzjo,https://www.tiktok.com/@mariabjdzjo/video/7470551257036410155,8,2,1,278,2025/2/12,,7470551257036410155
442,tiktok,@bonoh2306017,https://www.tiktok.com/@bonoh2306017/video/7490596728056515886,0,0,0,270,2025/4/8,,7490596728056515886
443,tiktok,@bonoh230601,https://www.tiktok.com/@bonoh230601/video/7474820345611095342,4,0,0,263,2025/2/24,,7474820345611095342
444,tiktok,@myintgots,https://www.tiktok.com/@myintgots/video/7486503817723383070,0,0,0,260,2025/3/27,,7486503817723383070
445,tiktok,@bigtedd69,https://www.tiktok.com/@bigtedd69/video/7473695714946895150,10,0,0,259,2025/2/21,,7473695714946895150
446,tiktok,@bonoh2306017,https://www.tiktok.com/@bonoh2306017/video/7467214215980305707,5,0,0,258,2025/2/3,,7467214215980305707
447,tiktok,@bonoh230601,https://www.tiktok.com/@bonoh230601/video/7486327729067937054,5,0,0,255,2025/3/27,,7486327729067937054
448,tiktok,@mariabjdzjo,https://www.tiktok.com/@mariabjdzjo/video/7490596798105537838,4,0,0,251,2025/4/13,,7490596798105537838
449,tiktok,@myintgots,https://www.tiktok.com/@myintgots/video/7472782389916290346,7,0,2,246,2025/2/18,,7472782389916290346
450,tiktok,@bonoh2306017,https://www.tiktok.com/@bonoh2306017/video/7490996476189920558,6,0,1,243,2025/4/9,,7490996476189920558
451,tiktok,@bigtedd69,https://www.tiktok.com/@bigtedd69/video/7490521605932879150,10,0,0,209,2025/4/7,,7490521605932879150
452,tiktok,@bigtedd69,https://www.tiktok.com/@bigtedd69/video/7489478704809413934,1,0,0,206,2025/4/5,,7489478704809413934
453,tiktok,@mariabjdzjo,https://www.tiktok.com/@mariabjdzjo/video/7469082630630296874,8,0,0,203,2025/2/9,,7469082630630296874
454,tiktok,@bigtedd69,https://www.tiktok.com/@bigtedd69/video/7473518723551202603,2,0,0,201,2025/2/20,,7473518723551202603
455,tiktok,@bonoh230601,https://www.tiktok.com/@bonoh230601/video/7473098223830224170,3,0,0,201,2025/2/19,,7473098223830224170
456,tiktok,@bigtedd69,https://www.tiktok.com/@bigtedd69/video/7482726693732617518,2,1,0,197,2025/3/17,,7482726693732617518
457,tiktok,#VALUE!,https://www.tiktok.com/@bonoh2306017/photo/7470004482538016043,1,0,0,188,2025/2/11,,#VALUE!
458,tiktok,@mariabjdzjo,https://www.tiktok.com/@mariabjdzjo/video/7472955521692126507,8,0,1,173,2025/2/19,,7472955521692126507
459,tiktok,@myintgots,https://www.tiktok.com/@myintgots/video/7486157750318206251,0,0,0,171,2025/3/27,,7486157750318206251
460,tiktok,@bonoh2306017,https://www.tiktok.com/@bonoh2306017/video/7485406332938358062,5,0,0,171,2025/3/25,,7485406332938358062
461,tiktok,@orozcde,https://www.tiktok.com/@orozcde/video/7486157713009937710,2,1,0,170,2025/3/27,,7486157713009937710
462,tiktok,@mariabjdzjo,https://www.tiktok.com/@mariabjdzjo/video/7488743043395341611,6,0,0,165,2025/4/3,,7488743043395341611
463,tiktok,#VALUE!,https://www.tiktok.com/@bonoh230601/photo/7470002858620882218,0,0,0,165,2025/2/11,,#VALUE!
464,tiktok,@bonoh230601,https://www.tiktok.com/@bonoh230601/video/7475023085175885099,1,0,0,162,2025/2/25,,7475023085175885099
465,tiktok,@mariabjdzjo,https://www.tiktok.com/@mariabjdzjo/video/7485406013928099118,2,0,1,158,2025/3/24,,7485406013928099118
466,tiktok,@myintgots,https://www.tiktok.com/@myintgots/video/7490521538664484126,8,0,1,153,2025/4/7,,7490521538664484126
467,tiktok,@bonoh2306017,https://www.tiktok.com/@bonoh2306017/video/7488030715892731182,1,0,0,136,2025/4/1,,7488030715892731182
468,tiktok,@orozcde,https://www.tiktok.com/@orozcde/video/7464248556983962922,3,0,0,134,2025/1/26,,7464248556983962922
469,tiktok,@myintgots,https://www.tiktok.com/@myintgots/video/7488018735794621726,0,0,0,133,2025/4/1,,7488018735794621726
470,tiktok,@myintgots,https://www.tiktok.com/@myintgots/video/7492802518381104414,2,0,0,68,2025/4/13,,7492802518381104414
471,tiktok,@bigtedd69,https://www.tiktok.com/@bigtedd69/video/7492802534604573994,1,0,0,60,2025/4/13,,7492802534604573994
472,tiktok,@bigtedd69,https://www.tiktok.com/@bigtedd69/video/7488018675178589486,1,0,0,53,2025/4/1,,7488018675178589486
473,tiktok,@mariabjdzjo,https://www.tiktok.com/@mariabjdzjo/video/7471678004557827374,4,0,0,35,2025/2/16,,7471678004557827374
474,tiktok,@orozcde,https://www.tiktok.com/@orozcde/video/7492802560856804654,0,0,0,29,2025/4/13,,7492802560856804654
475,tiktok,@mariabjdzjo,https://www.tiktok.com/@mariabjdzjo/video/7487620524810456366,0,0,0,13,2025/3/30,,7487620524810456366